{
    "loss": 4.718342304229736,
    "accuracy": 0.5686274766921997
}