{
    "loss": 11.981531143188477,
    "accuracy": 0.4313725531101227
}